receptie@vanharensport.nl,https://vanharensport.nl/
info@lieverzijn.nl,https://www.lieverzijn.nl/
info@huistenwolde.nl,https://www.huistenwolde.nl/
info@outdoorliving.nl,https://www.outdoorliving.nl/
info@hamaka.nl,https://www.saunadevarana.nl/
info@valkexclusief.nl,https://www.valkexclusief.nl/i/wellness/
info@visitoost.nl,https://www.visitoost.nl/wat-te-doen/wellness/spa-en-wellness-locaties-in-overijssel/
gebruiker@domein.nl,https://bewellness.nl/onzewellnessresorts/de-valkenberg
info@pbl.nl,https://www.pbl.nl/actueel/nieuws/energietransitie-in-beeld
laren@kappelle.nl,https://www.kappelle.nl/woning/laren-t-schepeltje-20/
content@esri.nl,https://www.esri.nl/nl-nl/producten/apps/survey123/home
info@dewaalhoeve.nl,https://dewaalhoeve.nl/duo-massage-en-arragementen/
info@pacificwellness.nl,https://pacificwellness.nl/
info@wellnessaandezaan.nl,https://wellnessaandezaan.nl/
middelburg@valk.nl,https://www.valkmiddelburg.nl/faciliteiten/wellness/
info@sukjaiwellness.nl,https://www.sukjaiwellness.nl/
support@jouwweb.nl,https://www.sheabalans.nl/
themarket@wellcomewellness.nl,https://groningen.wellcomewellness.nl/
info@westerburcht.nl,https://www.westerburcht.nl/wellness-emmen
info@flashstudio.nl,https://www.flashstudio.nl/
info@sjahto.nl,https://www.sjahto.nl/contact/
info@castanea.nl,https://www.castanea.nl/aanbod/nieuweweg-20-laren/
reservations@wellnesskliniek.com,https://www.wellnesskliniek.com/nl/contact
info@eclinic.nl,https://eclinic.nl/
administratie@bonhofwellness.nl,https://bonhofwellness.nl/projecten/bouwkundige-sauna-stoomcabine-in-laren
support@stichtingwellness.nl,https://stichtingwellness.nl/aromatherapie-opleiding/
receptie@singerlaren.nl,https://www.singerlaren.nl/nl/pQmBjHl/plan-uw-bezoek-aan-singer-laren
info@dezoutbron.nl,https://dezoutbron.nl/
beveiliging@singerlaren.nl.Per,https://www.singerlaren.nl/nl/pQmBjHl/plan-uw-bezoek-aan-singer-laren
roel@vsbwellness.nl,https://www.vsbwellness.nl/
planning@reneexpertsalon.nl,https://www.reneexpertsalon.nl/
nanda.gerlach@hotmail.com,https://www.eversports.nl/s/sportlab-laren
info@laureesine.nl,https://www.wellnesscentrumnoordholland.nl/
info@planviewer.nl,https://www.planviewer.nl/adressen/straat/0262300000000484/laren-ooldselaan
marketing@vsbwellness.nl,https://www.vsbwellness.nl/
info@vcp.nl,https://www.vcp.nl/ser-geeft-inzicht-genderbalans-bedrijven/
info@saunadevarana.nl,https://www.saunadevarana.nl/
voorzitter@kerklaren.nl,https://www.kerklaren.nl/
yoga@yogaflowzuidlaren.nl,https://yogaflowzuidlaren.nl/
info@sterrenberg.nl,https://www.sterrenberg.nl/wellness/
info@fitreisen.de,https://www.spadreams.nl/wellness/europa/
eric.hurink@gmail.com,https://bol-an.nl/lichtjesavond-laren-20-december-2024/
compliance@jooble.com,https://nl.jooble.org/vacatures-wellness-coach/Laren
info@wellnesstuin.com,https://www.wellnesstuin.com/wellness-tuin-aanleggen/wellness-tuin-aanleggen-laren
info@embricana.de,https://achterhoek.nl/wellness
info@melwellness.nl,https://www.melwellness.nl/
frontoffice@huistenwolde.nl,https://www.huistenwolde.nl/
info@thermensoesterberg.nl,https://www.thermensoesterberg.nl/
collectemunten@kerklaren.nl,https://www.kerklaren.nl/praktisch/
webmaster@ckplus.nl,https://www.ckplus.nl/kunstroutes.html
info@skininbalance.nl,https://www.tjaarda.nl/faciliteiten/wellness/
lieke@reisjager.nl,https://reisjager.nl/tips-wellnesshotel-nederland/
gastenservice@europarcs.nl,https://www.europarcs.nl/vakanties/wellness
info.nl@pot.gov.pl,https://www.polen.travel/nl/wellness
danny@vsbwellness.nl,https://www.vsbwellness.nl/
info@dewelness.nl,https://www.dewelness.nl/
info@theoxygenwellnesslab.nl,https://www.theoxygenwellnesslab.nl/
teamwebsite@rws.nl,https://iplo.nl/nieuws/2024/energietransitie-vernieuwd-uitgebreid/
info@yvonnedekruijff.nl,http://www.yvonnedekruijff.nl/contact.html
reception@wellnesskliniek.com.Bed,https://nl.trustpilot.com/review/wellnesskliniek.com
dpo@pot.gov.pl,https://www.polen.travel/nl/wellness
info@fit20.nl,https://www.fit20.com/nl/het-werkt
info@Sterrenberg.nl,https://www.sterrenberg.nl/wellness/
loosdrecht@kappelle.nl,https://www.kappelle.nl/woning/laren-t-schepeltje-20/
info@fflaren.nl,https://www.fitnessfactorylaren.nl/
info@melacademy.nl,https://www.melwellness.nl/
info@h-h-wijchen.nl,https://h-h-wijchen.nl/wellnesstuin/
info@atalanta-wellness.nl,https://www.atalanta-wellness.nl/
info@fysiomasters.nl,https://www.fysiomasters.nl/fysiotherapie/laren/
info@puurenkuur.nl,https://puurenkuur.nl/
post@ckpedicure.nl,https://www.ckpedicure.nl/contact/
contact@debiezem.nl,https://debiezem.nl/
info@d-hotel.be,https://www.d-hotel.eu/nl/wellness/
mivkesteren@reinaerde.nl,https://nl.jooble.org/vacatures-wellness-coach/Laren
s.nijdam@eminentgroep.nl,https://nl.jooble.org/vacatures-wellness-coach/Laren
maartje@vsbwellness.nl,https://www.vsbwellness.nl/
contact@kliniekdermabeauty.nl,https://lafemme-wellness.nl/
info@thermenberendonck.nl,https://www.thermenberendonck.nl/
info@healthpluslaren.nl,https://www.healthpluslaren.nl/over-ons
info@reinwellnessspa.nl,https://reinwellnessspa.nl/
info@eszensawellness.nl,https://eszensawellness.nl/
info@cityspatiel.nl,https://www.valkverrast.nl/thema/wellness
press@wellnesskliniek.com,https://www.wellnesskliniek.com/nl/contact
laren@lahair.nl,https://www.lahair.nl/
info@vsbwellness.nl,https://www.vsbwellness.nl/
helpdesk@funda.nl,https://www.funda.nl/detail/koop/verkocht/laren-nh/huis-mauvezand-20/43530470/
kerkklanken@kerklaren.nl,https://www.kerklaren.nl/praktisch/
info@oozo.nl,https://www.oozo.nl/woningen/laren/laren/zwarte-berg/woning/638836/woning-koloniepad-20-laren-nh
info@verrassendvalencia.nl,https://www.verrassendvalencia.nl/spa.html
heerlen@valk.nl,https://www.hotelheerlen.nl/faciliteiten/wellness/
info@bodytime.nl,https://www.blisshealth.nl/
wim@vsbwellness.nl,https://www.vsbwellness.nl/
info@matchingvitality.nl,https://www.matchingvitality.nl/
info@molke.nl,https://www.molke.nl/wellness-vakantiehuisje
info@wearetravellers.nl,https://www.wearetravellers.nl/europa/nederland/wellness-hotel-nederland/
Info@squashenwellness.nl,https://www.squashenwellness.nl/tag/laren/
website@kerklaren.nl,https://www.kerklaren.nl/praktisch/
info@atelierroutelaren.nl,https://www.atelierroutelaren.nl/inschrijven/
reservations@haashustinx.nl,https://sanctumspa.nl/
ontspannen@euthalia.nl,https://www.euthalia.nl/
info@spabibi.nl,https://spabibi.nl/
support@salonkee.com,https://salonkee.nl/search/welzijn-en-alternatieve-therapieen/laren-laren
info@bijlaurijs.nl,https://achterhoek.nl/wellness
spa@noordwijk.valk.com,https://www.yumispanoordwijk.nl/
grnieuwsbrief@ckplus.nl,https://www.ckplus.nl/kunstroutes.html
info@huispedia.nl,https://huispedia.nl/laren/1251bg/naarderstraat/81-20
info@bsconnect.nl,https://www.westerburcht.nl/wellness-emmen
info@dlgc.nl,https://www.dlgc.nl/20ftwellness
scriba@kerklaren.nl,https://www.kerklaren.nl/
info@kerklaren.nl,https://www.kerklaren.nl/
museum@singerlaren.nl,https://lareninbeeld.nl/agenda/singer-gratis-lichtjesavond/
info@thermenbinnenmaas.nl,https://www.thermenbinnenmaas.nl/
demi@vsbwellness.nl,https://www.vsbwellness.nl/
example@mail.com,https://nl.jooble.org/vacatures-wellness-coach/Laren
privacy@trustpilot.com,https://nl.trustpilot.com/review/wellnesskliniek.com
sollicitatie@woondroomzorg.nl,https://nl.jooble.org/vacatures-wellness-coach/Laren
info@1001activiteiten.nl,https://www.1001activiteiten.nl/wellness-uitje/laren-gld
info@dewellnesstorenassen.nl,https://dewellnesstorenassen.nl/
info@vogue.nl,https://www.vogue.nl/beauty/wellness/mooiste-spa-wellness-nederland/
info@private-sauna.nl,https://lareninbeeld.nl/zorg-welzijn/private-sauna-laren-nardinclant/
info@flowwellness.nl,https://flowwellness.nl/
info@resetspa.nl,https://www.resetspa.nl/nl
info@salonlamar.nl,https://salonlamar.nl/
info@enjoyhotels.nl,https://enjoyhotels.com/nl/enjoy-deluxe-wellnesshotel-groningen
info@evenwellness.nl,https://www.evenwellness.nl/
logo-nieuw@2x-p.web,https://www.westerburcht.nl/wellness-emmen
werkenbij@vivium.nl,https://nl.jooble.org/vacatures-wellness-coach/Laren
wellnessroosendaal@vitaewellnessresorts.nl,https://vitaewellnessresortroosendaal.nl/
info@burgenland.inf,https://www.burgenland.info/uebernachten/unterkuenfte/wellnesshotels
bussum@kappelle.nl,https://www.kappelle.nl/woning/laren-t-schepeltje-20/
lbreevoort@icloud.com,https://nl.jooble.org/vacatures-wellness-coach/Laren
info@supertrips.com,https://supertrips.nl/wellness-spa/
info@wellness-badboekelo.nl,https://www.wellness-badboekelo.nl/
marleen@dewellnesschtuin.nl,https://www.dewellnesschtuin.nl/
info@aiyara-wellness.nl,https://aiyara-wellness.nl/Prijslijst/
support@trustpilot.com,https://nl.trustpilot.com/review/wellnesskliniek.com
loes@wellnesstouch.nl,https://wellnesstouch.nl/
info@bonhofwellness.nl,https://bonhofwellness.nl/projecten/bouwkundige-sauna-stoomcabine-in-laren
info@handsonadvies.nl,https://lareninbeeld.nl/zorg-welzijn/private-sauna-laren-nardinclant/
receptie@aqualaren.nl,https://aqualaren.nl/
info@relaxaandenrijn.nl,https://www.relaxaandenrijn.nl/
info@belevenissen.nl,https://www.belevenissen.nl/cadeau/prive-wellness-inclusief-overnachting
jillsangers@voorma-walch.nl,https://www.residence.nl/toplocaties/jordaan-20-laren/
info@trendyhairandwellness.nl,https://trendyhairandwellness.nl/
info@synagogezuidlaren.nl,https://www.synagogezuidlaren.nl/
huizen@kappelle.nl,https://www.kappelle.nl/woning/laren-t-schepeltje-20/
info@wellness-camping-stoltenborg.nl,https://achterhoek.nl/wellness
info@fortresortbeemster.nl,https://www.fortresortbeemster.nl/wellness
info@loff-wellness.nl,https://www.loff-wellness.nl/sauna/
info@wellness-spaarnwoude.nl,https://wellness-spaarnwoude.nl/
info@fysiocentrum-nijmegen.nl,https://fysiocentrum-nijmegen.nl/therapie/bindweefselmassage/
info@webased.nl,https://puurenkuur.nl/
vianen@valk.nl,https://www.hotelvianen.nl/faciliteiten/wellness/
info@leeuwerikhoeve.nl,https://leeuwerikhoeve.nl/
info@wellness4fun.nl,https://www.wellness4fun.nl/
info@wellnesssalonsodaliet.nl,https://www.wellnesssalonsodaliet.nl/
reception@wellnesskliniek.com,https://www.wellnesskliniek.com/nl/contact
kwaliteit@wellnesskliniek.com,https://nl.trustpilot.com/review/wellnesskliniek.com
info@hotelprofessionals.nl,https://www.hotelprofessionals.nl/wellness-medewerker-vacatures-laren
info@weidebosch.nl,https://achterhoek.nl/wellness
INFO@DLGC.NL,https://www.dlgc.nl/20ftwellness
info@wellnesswechtertje.nl,https://www.wellnesswechtertje.nl/
info@hotel-felsenland.de,https://www.hotel-felsenland.de/
info@deoversteeg.nl,https://nl.jooble.org/vacatures-wellness-coach/Laren
info@oetdoor.nl,https://achterhoek.nl/wellness
info@wellnessurlaub.com,https://www.wellnessurlaub.com/wellness/rheinland-pfalz/
makelaars@saegaert.nl,https://www.saegaert.nl/woningen/sint-janstraat-20-a-laren-906358ff82c1bd682843cdb20a6d46a312817e/
mymail@mailservice.com,https://www.matchingvitality.nl/
info@bronkhorstbuitenleven.nl,https://www.bronkhorstbuitenleven.nl/wellness
gorssel@drieklomp.nl,https://www.drieklomp.nl/woningen/warfveendijk-20-laren/
palestra.stroombroek@landal.nl,https://achterhoek.nl/wellness
zoe.rosielle@vogue.nl,https://www.jan-magazine.nl/hotspots/g36656033/mooiste-spa-wellness-center-nederland/
info@blueswan.nl,https://blueswan.nl/
info@thermenmaastricht.nl,https://www.thermenmaastricht.nl/arrangementen
info@ishidoro.nl,https://www.ishidoro.nl/
info@lysdanique.nl,https://lysdanique.nl/behandelingen-categorie/bio-relax-wellness-massages/
info@demeerkes.nl,https://www.demeerkes.nl/
info@hamdorffetenendrinken.nl,https://www.hamdorffetenendrinken.nl/
info@bijzonderuiteten.nl,https://bijzonderuiteten.nl/restaurant/restaurant-laren-bar-bistro-brink20/
info@kulturhuslaren.nl,https://www.kerklaren.nl/praktisch/
tim@vsbwellness.nl,https://www.vsbwellness.nl/
makelaar@saegaert.nl,https://www.saegaert.nl/woningen/sint-janstraat-20-a-laren-906358ff82c1bd682843cdb20a6d46a312817e/
sales@vsbwellness.nl,https://www.vsbwellness.nl/
info@amsterdamgarden.com,https://www.visitgooivecht.nl/nl/locaties/4167392876/landgoed-nardinclant
anne@vsbwellness.nl,https://www.vsbwellness.nl/
info@lafemmesneek.nl,https://lafemmesneek.nl/
privacy@jooble.com,https://nl.jooble.org/vacatures-wellness-coach/Laren
info@karinshealthwellness.nl,https://www.karinshealthwellness.nl/
info@prws.nl,https://www.prws.nl/
info@spaveluwe.nl,https://spaveluwe.nl/
m.haack@griend3.nl,https://www.lieverzijn.nl/
info@wellnessvakantiehuisje.nl,https://wellnessvakantiehuisje.nl/
info@ambiance.nu,https://www.ambiance-wellness.nl/
administratie@kerklaren.nl,https://www.kerklaren.nl/
info@tjaarda.nl,https://www.tjaarda.nl/faciliteiten/wellness/
hannekecaron@kerklaren.nl,https://www.kerklaren.nl/
geert@vsbwellness.nl,https://www.vsbwellness.nl/
info@thermenresorts.nl,https://www.thermenresorts.nl/wellnessresorts
info@wellnesselburg.nl,https://wellnesselburg.nl/
sales@jmtopwellness.nl,https://www.jmtopwellness.nl/
info@spawellnessvenlo.nl,https://spawellnessvenlo.nl/
info@barbistrobrink20.nl,https://www.barbistrobrink20.nl/menukaart/
help@thermae.nl,https://www.thermae.nl/wellness-maastricht/
karin@sheabalans.nl,https://www.sheabalans.nl/
hr@wellnesskliniek.com,https://www.wellnesskliniek.com/nl/contact
info@degastelsehoeve.nl,https://www.degastelsehoeve.nl/
info@rijsgaardhoeve.nl,https://www.rijsgaardhoeve.nl/wellnessboerderij
info@nutrimissie.nl,https://www.matchingvitality.nl/
info@soakurbanwellness.nl,https://www.soakurbanwellness.nl/
info@pheau.com,https://sanne-swinkels-skincare.mytreatwell.nl/
vrienden.dorpskerk@kerklaren.nl,https://www.kerklaren.nl/praktisch/
info@thermenbadnieuweschans.nl,https://www.thermenbadnieuweschans.nl/
info@thermenlamer.nl,https://www.thermenlamer.nl/
receptie@healthspa.nl,https://healthspa.nl/
info@parkhotelarcen.nl,https://www.parkhotelarcen.nl/
info@origineelovernachten.nl,https://origineelovernachten.nl/thema/wellness-huisje
info@parkhotelhorst.nl,https://www.parkhotelhorst.nl/wellness/
info@tandartsenpraktijkvorden.nl,https://tandartsenpraktijkvorden.nl/
marion@vsbwellness.nl,https://www.vsbwellness.nl/
hilversum@kappelle.nl,https://www.kappelle.nl/woning/laren-t-schepeltje-20/
info@dunez.nl,https://www.dunez.nl/
info@thermaalbad.nl,https://www.roompot.nl/wellness/thermaalbad/behandelingen/
info@zuiderduin.nl,https://www.zuiderduin.nl/wellness
info@gooswellness.nl,https://www.gooswellness.nl/
b.veen@gooisemeren.nl,https://nl.jooble.org/vacatures-wellness-coach/Laren
publiciteit@singerlaren.nl,https://www.singerlaren.nl/nl/pQmBjHl/plan-uw-bezoek-aan-singer-laren
info@wellnessdome.nl,https://wellnessdome.nl/
info@wellnesselande.nl,https://wellnesselande.nl/
hello@excellence-group.lu,https://koener.excellence-group.lu/nl/
info@degoudenmakelaar.nl,https://www.degoudenmakelaar.nl/woningen/heideveldweg-20-laren-9351508b99dbff6fbd4990afca7e1c6b006b98/
service@vsbwellness.nl,https://www.vsbwellness.nl/
nieuwsbrief@kerklaren.nl,https://www.kerklaren.nl/praktisch/
info.nl@polen.tra,https://www.polen.travel/nl/wellness
info@bizonderwellness.nl,https://bizonderwellness.nl/
haarlem@valk.nl,https://www.hotelhaarlem.nl/faciliteiten/wellness/
niels@careervalue.nl,https://nl.jooble.org/vacatures-wellness-coach/Laren
receptie@dewoudfennen.nl,https://www.dewoudfennen.nl/
info@spabron.nl,https://spabron.nl/
press@jooble.com,https://nl.jooble.org/vacatures-wellness-coach/Laren
info@leiderschapscoaching.nl,https://leiderschapscoaching.nl/
wellnessgoes@vitaewellnessresorts.nl,https://vitaewellnessresortgoes.nl/
Info@dezoutbron.nl,https://dezoutbron.nl/
info@wellness-warmond.nl,https://www.wellness-warmond.nl/
info@dereinestein.nl,https://dereinestein.nl/
terworm@valk.nl,https://www.terworm.nl/faciliteiten/wellness/
bettiewoord@kerklaren.nl,https://www.kerklaren.nl/
email@adres.nl,https://www.saunawellnesscadeaukaart.nl/resorts/nh/laren/
info@thespa-veluwe.nl,https://www.thespa-veluwe.nl/
info@wellnessinstituutlucia.nl,https://www.wellnessinstituutlucia.nl/
iris@studiosalina.nl,https://studiosalina.nl/
info@onthaastenindeachterhoek.nl,https://achterhoek.nl/wellness
info@sanadome.nl,https://sanadome.nl/
info@planjeuitje.nl,https://planjeuitje.nl/saunas-in-brabant/
wout@vsbwellness.nl,https://www.vsbwellness.nl/
naam@voorbeeld.nl,https://www.centerparcs.nl/nl-nl/vakantiebestemmingen-nederland/wellness-vakantie-nederland-np02_ms
info@secretwellness.nl,https://www.secretwellness.nl/
paul.van.riessen@quotenet.nl,https://www.quotenet.nl/vastgoed/qasteel/a36288987/ruim-euro20-miljoen-geboden-voor-dit-huis-in-laren/
info@vitco.nl,https://vitco.nl/massage/
support@valkdigital.nl,https://www.valkexclusief.nl/i/wellness/
crawler@alexa.com,https://www.fletcher.nl/nl/wellness/arrangementen
info@wellnessinstituut.nl,https://wellnessinstituut.nl/
info@thespa.nl,https://thespa.nl/
